t,Qi(t),H(t)
0,"27,06909677",10
3,"27,06909677",10
6,"27,06909677",10
9,"27,06909677",10
12,"24,36218709",10
15,"24,36218709","9,898220686"
18,"24,36218709","9,799725529"
21,"24,36218709","9,704581499"
24,"24,36218709","9,612843977"
27,"24,36218709","9,524556072"
30,"24,36218709","9,439748086"
33,"24,36218709","9,358437153"
36,"24,36218709","9,280627051"
39,"24,36218709","9,206308208"
42,"24,36218709","9,135457896"
45,"24,36218709","9,068040601"
48,"24,36218709","9,004008577"
51,"24,36218709","8,943302553"
54,"24,36218709","8,88585258"
57,"24,36218709","8,831578994"
60,"24,36218709","8,780393473"
63,"24,36218709","8,732200149"
66,"24,36218709","8,686896769"
69,"24,36218709","8,644375864"
72,"24,36218709","8,604525896"
75,"24,36218709","8,567232389"
78,"24,36218709","8,532378992"
81,"24,36218709","8,499848482"
84,"24,36218709","8,469523684"
87,"24,36218709","8,441288311"
90,"24,36218709","8,415027696"
93,"24,36218709","8,39062945"
96,"24,36218709","8,367984002"
99,"24,36218709","8,346985072"
102,"24,36218709","8,32753003"
105,"24,36218709","8,309520197"
108,"24,36218709","8,292861056"
111,"24,36218709","8,277462398"
114,"24,36218709","8,263238409"
117,"24,36218709","8,250107702"
120,"24,36218709","8,237993305"
123,"24,36218709","8,226822606"
126,"24,36218709","8,216527269"
129,"24,36218709","8,207043122"
132,"24,36218709","8,198310024"
135,"24,36218709","8,190271716"
138,"24,36218709","8,182875659"
141,"24,36218709","8,176072864"
144,"24,36218709","8,169817721"
147,"24,36218709","8,16406782"
150,"24,36218709","8,158783771"
153,"24,36218709","8,153929037"
156,"24,36218709","8,149469756"
159,"24,36218709","8,145374578"
162,"24,36218709","8,141614504"
165,"24,36218709","8,138162727"
168,"24,36218709","8,134994489"
171,"24,36218709","8,13208694"
174,"24,36218709","8,129418999"
177,"24,36218709","8,126971233"
180,"24,36218709","8,124725734"
183,"24,36218709","8,122666011"
186,"24,36218709","8,12077688"
189,"24,36218709","8,11904437"
192,"24,36218709","8,117455629"
195,"24,36218709","8,115998838"
198,"24,36218709","8,114663131"
201,"24,36218709","8,113438524"
204,"24,36218709","8,112315842"
207,"24,36218709","8,111286657"
210,"24,36218709","8,11034323"
213,"24,36218709","8,109478455"
216,"24,36218709","8,108685808"
219,"24,36218709","8,1079593"
222,"24,36218709","8,107293436"
225,"24,36218709","8,106683175"
228,"24,36218709","8,106123888"
231,"24,36218709","8,105611333"
234,"24,36218709","8,105141617"
237,"24,36218709","8,104711168"
240,"24,36218709","8,104316713"
243,"24,36218709","8,103955248"
246,"24,36218709","8,103624021"
249,"24,36218709","8,103320506"
252,"13,53454839","8,103042389"
255,"13,53454839","7,450309644"
258,"13,53454839","6,747700687"
261,"13,53454839","5,988284866"
264,"13,53454839","5,168931099"
267,"13,53454839","4,304253163"
270,"13,53454839","3,469422124"
273,"13,53454839","2,854892407"
276,"13,53454839","2,587508962"
279,"13,53454839","2,517823006"
282,"13,53454839","2,503509945"
285,"13,53454839","2,500684037"
288,"13,53454839","2,500132257"
291,"13,53454839","2,500025421"
294,"13,53454839","2,500004869"
297,"13,53454839","2,500000932"
300,"13,53454839","2,500000179"
303,"27,06909677","2,500000036"
306,"27,06909677","5,021290166"
309,"27,06909677","5,912114497"
312,"27,06909677","6,48193776"
315,"27,06909677","6,900833474"
318,"27,06909677","7,230288096"
321,"27,06909677","7,500088103"
324,"27,06909677","7,727092016"
327,"27,06909677","7,921830185"
330,"27,06909677","8,091347484"
333,"27,06909677","8,240602181"
336,"27,06909677","8,373223051"
339,"27,06909677","8,491949702"
342,"27,06909677","8,598903481"
345,"27,06909677","8,69576192"
348,"27,06909677","8,783875348"
351,"27,06909677","8,864347341"
354,"27,06909677","8,93809174"
357,"27,06909677","9,005873996"
360,"27,06909677","9,068341778"
363,"27,06909677","9,126048025"
366,"27,06909677","9,179468594"
369,"27,06909677","9,229015952"
372,"27,06909677","9,275049945"
375,"27,06909677","9,317886357"
378,"27,06909677","9,357803789"
381,"27,06909677","9,395049237"
384,"27,06909677","9,429842658"
387,"27,06909677","9,462380731"
390,"27,06909677","9,492839992"
393,"27,06909677","9,521379442"
396,"27,06909677","9,548142758"
399,"27,06909677","9,573260155"
402,"27,06909677","9,596849977"
405,"27,06909677","9,619020054"
408,"27,06909677","9,639868878"
411,"27,06909677","9,659486609"
414,"27,06909677","9,677955956"
417,"27,06909677","9,695352941"
420,"27,06909677","9,711747565"
423,"27,06909677","9,727204402"
426,"27,06909677","9,741783109"
429,"27,06909677","9,755538889"
432,"27,06909677","9,768522894"
435,"27,06909677","9,780782587"
438,"27,06909677","9,792362061"
441,"27,06909677","9,803302329"
444,"27,06909677","9,813641583"
447,"27,06909677","9,823415422"
450,"27,06909677","9,832657063"
453,"27,06909677","9,841397528"
456,"27,06909677","9,849665819"
459,"27,06909677","9,857489065"
462,"27,06909677","9,864892669"
465,"27,06909677","9,871900433"
468,"27,06909677","9,878534673"
471,"27,06909677","9,884816331"
474,"27,06909677","9,890765065"
477,"27,06909677","9,896399345"
480,"27,06909677","9,901736528"
483,"27,06909677","9,906792942"
486,"27,06909677","9,911583946"
489,"27,06909677","9,916124002"
492,"27,06909677","9,920426727"
495,"27,06909677","9,924504954"
498,"27,06909677","9,928370776"
501,"32,48291613","9,932035598"
504,"32,48291613","10,13561832"
507,"32,48291613","10,32195661"
510,"32,48291613","10,49354285"
513,"32,48291613","10,65235699"
516,"32,48291613","10,79999976"
519,"32,48291613","10,93778482"
522,"32,48291613","11,06680435"
525,"32,48291613","11,18797681"
528,"32,48291613","11,30208234"
531,"32,48291613","11,40978952"
534,"32,48291613","11,51167593"
537,"32,48291613","11,60824414"
540,"32,48291613","11,69993428"
543,"32,48291613","11,78713413"
546,"32,48291613","11,87018713"
549,"32,48291613","11,94939902"
552,"32,48291613","12,02504319"
555,"32,48291613","12,09736515"
558,"32,48291613","12,16658621"
561,"32,48291613","12,23290662"
564,"32,48291613","12,29650817"
567,"32,48291613","12,3575564"
570,"32,48291613","12,41620252"
573,"32,48291613","12,472585"
576,"32,48291613","12,52683102"
579,"32,48291613","12,57905763"
582,"32,48291613","12,62937283"
585,"32,48291613","12,67787647"
588,"32,48291613","12,72466108"
591,"32,48291613","12,76981254"
594,"32,48291613","12,81341074"
597,"32,48291613","12,8555301"
600,"32,48291613","12,89624007"
603,"32,48291613","12,93560556"
606,"32,48291613","12,97368736"
609,"32,48291613","13,01054242"
612,"32,48291613","13,04622424"
615,"32,48291613","13,08078308"
618,"32,48291613","13,11426626"
621,"32,48291613","13,14671836"
624,"32,48291613","13,17818146"
627,"32,48291613","13,20869527"
630,"32,48291613","13,23829736"
633,"32,48291613","13,26702326"
636,"32,48291613","13,29490667"
639,"32,48291613","13,3219795"
642,"32,48291613","13,34827206"
645,"32,48291613","13,37381316"
648,"32,48291613","13,39863015"
651,"32,48291613","13,42274908"
654,"32,48291613","13,44619476"
657,"32,48291613","13,46899081"
660,"32,48291613","13,49115978"
663,"32,48291613","13,51272319"
666,"32,48291613","13,53370156"
669,"32,48291613","13,55411454"
672,"32,48291613","13,57398089"
675,"32,48291613","13,59331858"
678,"32,48291613","13,61214481"
681,"32,48291613","13,63047604"
684,"32,48291613","13,64832807"
687,"32,48291613","13,66571605"
690,"32,48291613","13,68265449"
693,"32,48291613","13,69915736"
696,"32,48291613","13,71523804"
699,"32,48291613","13,73090942"
702,"32,48291613","13,74618387"
705,"32,48291613","13,76107329"
708,"32,48291613","13,77558914"
711,"32,48291613","13,78974245"
714,"32,48291613","13,80354384"
717,"32,48291613","13,81700355"
720,"32,48291613","13,83013142"
723,"32,48291613","13,84293698"
726,"32,48291613","13,8554294"
729,"32,48291613","13,86761752"
732,"32,48291613","13,87950988"
735,"32,48291613","13,89111475"
738,"32,48291613","13,90244008"
741,"32,48291613","13,91349357"
744,"32,48291613","13,92428267"
747,"32,48291613","13,93481456"
750,"32,48291613","13,94509621"
753,"32,48291613","13,95513433"
756,"32,48291613","13,96493546"
759,"32,48291613","13,97450588"
762,"32,48291613","13,9838517"
765,"32,48291613","13,99297882"
768,"32,48291613","14,00189299"
771,"32,48291613","14,01059973"
774,"32,48291613","14,01910444"
777,"32,48291613","14,02741231"
780,"32,48291613","14,0355284"
783,"32,48291613","14,04345762"
786,"32,48291613","14,05120471"
789,"32,48291613","14,05877429"
792,"32,48291613","14,06617083"
795,"32,48291613","14,07339869"
798,"32,48291613","14,08046207"
801,"32,48291613","14,08736507"
804,"32,48291613","14,09411167"
807,"32,48291613","14,10070574"
810,"32,48291613","14,10715103"
813,"32,48291613","14,11345118"
816,"32,48291613","14,11960975"
819,"32,48291613","14,12563018"
822,"32,48291613","14,13151582"
825,"32,48291613","14,13726993"
828,"32,48291613","14,14289568"
831,"32,48291613","14,14839615"
834,"32,48291613","14,15377435"
837,"32,48291613","14,15903318"
840,"32,48291613","14,1641755"
843,"32,48291613","14,16920405"
846,"32,48291613","14,17412154"
849,"32,48291613","14,17893058"
852,"32,48291613","14,18363373"
855,"32,48291613","14,18823346"
858,"32,48291613","14,19273219"
861,"32,48291613","14,19713229"
864,"32,48291613","14,20143604"
867,"32,48291613","14,20564567"
870,"32,48291613","14,20976338"
873,"32,48291613","14,21379127"
876,"32,48291613","14,21773143"
879,"32,48291613","14,22158586"
882,"32,48291613","14,22535653"
885,"32,48291613","14,22904535"
888,"32,48291613","14,2326542"
891,"32,48291613","14,2361849"
894,"32,48291613","14,23963922"
897,"32,48291613","14,24301889"
900,"32,48291613","14,24632561"
903,"32,48291613","14,24956102"
906,"32,48291613","14,25272673"
909,"32,48291613","14,25582431"
912,"32,48291613","14,25885528"
915,"32,48291613","14,26182115"
918,"32,48291613","14,26472337"
921,"32,48291613","14,26756336"
924,"32,48291613","14,27034251"
927,"32,48291613","14,27306217"
930,"32,48291613","14,27572367"
933,"32,48291613","14,2783283"
936,"32,48291613","14,28087731"
939,"32,48291613","14,28337194"
942,"32,48291613","14,28581339"
945,"32,48291613","14,28820284"
948,"32,48291613","14,29054142"
951,"32,48291613","14,29283025"
954,"32,48291613","14,29507044"
957,"32,48291613","14,29726304"
960,"32,48291613","14,2994091"
963,"32,48291613","14,30150964"
966,"32,48291613","14,30356565"
969,"32,48291613","14,3055781"
972,"32,48291613","14,30754794"
975,"32,48291613","14,30947611"
978,"32,48291613","14,3113635"
981,"32,48291613","14,313211"
984,"32,48291613","14,31501948"
987,"32,48291613","14,31678978"
990,"32,48291613","14,31852274"
993,"32,48291613","14,32021915"
996,"32,48291613","14,3218798"
999,"32,48291613","14,32350547"
1002,"40,60364516","14,32509692"
1005,"40,60364516","14,47467973"
1008,"40,60364516","14,61828665"
1011,"40,60364516","14,75636156"
1014,"40,60364516","14,88929938"
1017,"40,60364516","15,01745313"
1020,"40,60364516","15,14113976"
1023,"40,60364516","15,26064496"
1026,"40,60364516","15,3762272"
1029,"40,60364516","15,48812117"
1032,"40,60364516","15,5965406"
1035,"40,60364516","15,70168078"
1038,"40,60364516","15,80372062"
1041,"40,60364516","15,90282447"
1044,"40,60364516","15,99914368"
1047,"40,60364516","16,09281795"
1050,"40,60364516","16,18397652"
1053,"40,60364516","16,27273923"
1056,"40,60364516","16,35921737"
1059,"40,60364516","16,44351454"
1062,"40,60364516","16,5257273"
1065,"40,60364516","16,60594585"
1068,"40,60364516","16,68425458"
1071,"40,60364516","16,76073252"
1074,"40,60364516","16,83545385"
1077,"40,60364516","16,90848826"
1080,"40,60364516","16,97990131"
1083,"40,60364516","17,04975478"
1086,"40,60364516","17,11810692"
1089,"40,60364516","17,18501276"
1092,"40,60364516","17,25052432"
1095,"40,60364516","17,31469083"
1098,"40,60364516","17,37755893"
1101,"40,60364516","17,43917288"
1104,"40,60364516","17,49957467"
1107,"40,60364516","17,5588042"
1110,"40,60364516","17,61689944"
1113,"40,60364516","17,67389652"
1116,"40,60364516","17,72982987"
1119,"40,60364516","17,78473229"
1122,"40,60364516","17,83863513"
1125,"40,60364516","17,89156828"
1128,"40,60364516","17,94356033"
1131,"40,60364516","17,99463862"
1134,"40,60364516","18,04482932"
1137,"40,60364516","18,09415747"
1140,"40,60364516","18,14264708"
1143,"40,60364516","18,19032118"
1146,"40,60364516","18,23720185"
1149,"40,60364516","18,28331029"
1152,"40,60364516","18,32866689"
1155,"40,60364516","18,37329121"
1158,"40,60364516","18,41720208"
1161,"40,60364516","18,46041762"
1164,"40,60364516","18,50295526"
1167,"40,60364516","18,54483179"
1170,"40,60364516","18,5860634"
1173,"40,60364516","18,62666569"
1176,"40,60364516","18,66665371"
1179,"40,60364516","18,70604197"
1182,"40,60364516","18,74484449"
1185,"40,60364516","18,78307481"
1188,"40,60364516","18,82074602"
1191,"40,60364516","18,85787073"
1194,"40,60364516","18,8944612"
1197,"40,60364516","18,93052923"
1200,"40,60364516","18,96608627"
1203,"40,60364516","19,00114339"
1206,"40,60364516","19,03571133"
1209,"40,60364516","19,06980048"
1212,"40,60364516","19,1034209"
1215,"40,60364516","19,13658236"
1218,"40,60364516","19,16929432"
1221,"40,60364516","19,20156598"
1224,"40,60364516","19,23340623"
1227,"40,60364516","19,26482374"
1230,"40,60364516","19,29582689"
1233,"40,60364516","19,32642385"
1236,"40,60364516","19,35662254"
1239,"40,60364516","19,38643066"
1242,"40,60364516","19,4158557"
1245,"40,60364516","19,44490494"
1248,"40,60364516","19,47358545"
1251,"40,60364516","19,50190413"
1254,"40,60364516","19,52986768"
1257,"40,60364516","19,55748262"
1260,"40,60364516","19,5847553"
1263,"40,60364516","19,6116919"
1266,"40,60364516","19,63829847"
1269,"40,60364516","19,66458085"
1272,"40,60364516","19,69054478"
1275,"40,60364516","19,71619583"
1278,"40,60364516","19,74153944"
1281,"40,60364516","19,76658091"
1284,"40,60364516","19,79132541"
1287,"40,60364516","19,81577798"
1290,"40,60364516","19,83994356"
1293,"40,60364516","19,86382693"
1296,"40,60364516","19,8874328"
1299,"40,60364516","19,91076574"
1302,"40,60364516","19,93383023"
1305,"40,60364516","19,95663063"
1308,"40,60364516","19,97917121"
1311,"40,60364516","20,00145614"
1314,"40,60364516","20,0234895"
1317,"40,60364516","20,04527527"
1320,"40,60364516","20,06681734"
1323,"40,60364516","20,08811952"
1326,"40,60364516","20,10918554"
1329,"40,60364516","20,13001904"
1332,"40,60364516","20,15062358"
1335,"40,60364516","20,17100264"
1338,"40,60364516","20,19115965"
1341,"40,60364516","20,21109794"
1344,"40,60364516","20,23082078"
1347,"40,60364516","20,25033137"
1350,"40,60364516","20,26963284"
1353,"40,60364516","20,28872827"
1356,"40,60364516","20,30762066"
1359,"40,60364516","20,32631296"
1362,"40,60364516","20,34480805"
1365,"40,60364516","20,36310876"
1368,"40,60364516","20,38121787"
1371,"40,60364516","20,39913809"
1374,"40,60364516","20,41687207"
1377,"40,60364516","20,43442245"
1380,"40,60364516","20,45179176"
1383,"40,60364516","20,46898254"
1386,"40,60364516","20,48599722"
1389,"40,60364516","20,50283825"
1392,"40,60364516","20,51950798"
1395,"40,60364516","20,53600873"
1398,"40,60364516","20,5523428"
1401,"40,60364516","20,56851242"
1404,"40,60364516","20,58451979"
1407,"40,60364516","20,60036707"
1410,"40,60364516","20,61605637"
1413,"40,60364516","20,63158978"
1416,"40,60364516","20,64696934"
1419,"40,60364516","20,66219705"
1422,"40,60364516","20,67727489"
1425,"40,60364516","20,69220478"
1428,"40,60364516","20,70698864"
1431,"40,60364516","20,72162832"
1434,"40,60364516","20,73612567"
1437,"40,60364516","20,75048249"
1440,"40,60364516","20,76470055"
1443,"40,60364516","20,77878159"
1446,"40,60364516","20,79272732"
1449,"40,60364516","20,80653944"
1452,"40,60364516","20,82021958"
1455,"40,60364516","20,83376939"
1458,"40,60364516","20,84719047"
1461,"40,60364516","20,86048437"
1464,"40,60364516","20,87365266"
1467,"40,60364516","20,88669686"
1470,"40,60364516","20,89961846"
1473,"40,60364516","20,91241894"
1476,"40,60364516","20,92509975"
1479,"40,60364516","20,93766231"
1482,"40,60364516","20,95010802"
1485,"40,60364516","20,96243828"
1488,"40,60364516","20,97465443"
1491,"40,60364516","20,98675782"
1494,"40,60364516","20,99874977"
1497,"40,60364516","21,01063156"
1500,"40,60364516","21,02240449"
1503,"40,60364516","21,03406979"
1506,"40,60364516","21,04562872"
1509,"40,60364516","21,05708249"
1512,"40,60364516","21,0684323"
1515,"40,60364516","21,07967933"
1518,"40,60364516","21,09082475"
1521,"40,60364516","21,10186971"
1524,"40,60364516","21,11281533"
1527,"40,60364516","21,12366272"
1530,"40,60364516","21,13441299"
1533,"40,60364516","21,14506722"
1536,"40,60364516","21,15562646"
1539,"40,60364516","21,16609178"
1542,"40,60364516","21,17646419"
1545,"40,60364516","21,18674473"
1548,"40,60364516","21,19693439"
1551,"40,60364516","21,20703417"
1554,"40,60364516","21,21704505"
1557,"40,60364516","21,22696797"
1560,"40,60364516","21,2368039"
1563,"40,60364516","21,24655377"
1566,"40,60364516","21,2562185"
1569,"40,60364516","21,26579899"
1572,"40,60364516","21,27529616"
1575,"40,60364516","21,28471087"
1578,"40,60364516","21,29404401"
1581,"40,60364516","21,30329643"
1584,"40,60364516","21,31246898"
1587,"40,60364516","21,3215625"
1590,"40,60364516","21,33057782"
1593,"40,60364516","21,33951574"
1596,"40,60364516","21,34837708"
1599,"40,60364516","21,35716262"
1602,"40,60364516","21,36587315"
1605,"40,60364516","21,37450944"
1608,"40,60364516","21,38307224"
1611,"40,60364516","21,39156233"
1614,"40,60364516","21,39998042"
1617,"40,60364516","21,40832727"
1620,"40,60364516","21,41660358"
1623,"40,60364516","21,42481008"
1626,"40,60364516","21,43294746"
1629,"40,60364516","21,44101642"
1632,"40,60364516","21,44901766"
1635,"40,60364516","21,45695184"
1638,"40,60364516","21,46481963"
1641,"40,60364516","21,4726217"
1644,"40,60364516","21,4803587"
1647,"40,60364516","21,48803126"
1650,"40,60364516","21,49564004"
1653,"40,60364516","21,50318564"
1656,"40,60364516","21,51066871"
1659,"40,60364516","21,51808983"
1662,"40,60364516","21,52544964"
1665,"40,60364516","21,53274871"
1668,"40,60364516","21,53998764"
1671,"40,60364516","21,54716701"
1674,"40,60364516","21,5542874"
1677,"40,60364516","21,56134937"
1680,"40,60364516","21,5683535"
1683,"40,60364516","21,57530033"
1686,"40,60364516","21,58219041"
1689,"40,60364516","21,58902428"
1692,"40,60364516","21,59580249"
1695,"40,60364516","21,60252555"
1698,"40,60364516","21,609194"
1701,"40,60364516","21,61580834"
1704,"40,60364516","21,6223691"
1707,"40,60364516","21,62887676"
1710,"40,60364516","21,63533184"
1713,"40,60364516","21,64173483"
1716,"40,60364516","21,64808621"
1719,"40,60364516","21,65438646"
1722,"40,60364516","21,66063606"
1725,"40,60364516","21,66683549"
1728,"40,60364516","21,6729852"
1731,"40,60364516","21,67908565"
1734,"40,60364516","21,68513731"
1737,"40,60364516","21,69114062"
1740,"40,60364516","21,69709602"
1743,"40,60364516","21,70300396"
1746,"40,60364516","21,70886486"
1749,"40,60364516","21,71467916"
1752,"40,60364516","21,72044729"
1755,"40,60364516","21,72616966"
1758,"40,60364516","21,73184668"
1761,"40,60364516","21,73747878"
1764,"40,60364516","21,74306635"
1767,"40,60364516","21,74860979"
1770,"40,60364516","21,75410952"
1773,"40,60364516","21,7595659"
1776,"40,60364516","21,76497935"
1779,"40,60364516","21,77035023"
1782,"40,60364516","21,77567894"
1785,"40,60364516","21,78096584"
1788,"40,60364516","21,78621131"
1791,"40,60364516","21,79141572"
1794,"40,60364516","21,79657943"
1797,"40,60364516","21,8017028"
1800,"40,60364516","21,80678619"
1803,"40,60364516","21,81182995"
1806,"40,60364516","21,81683443"
1809,"40,60364516","21,82179997"
1812,"40,60364516","21,82672692"
1815,"40,60364516","21,83161562"
1818,"40,60364516","21,83646639"
1821,"40,60364516","21,84127957"
1824,"40,60364516","21,84605549"
1827,"40,60364516","21,85079447"
1830,"40,60364516","21,85549683"
1833,"40,60364516","21,86016289"
1836,"40,60364516","21,86479297"
1839,"40,60364516","21,86938736"
1842,"40,60364516","21,87394639"
1845,"40,60364516","21,87847036"
1848,"40,60364516","21,88295956"
1851,"40,60364516","21,88741429"
1854,"40,60364516","21,89183486"
1857,"40,60364516","21,89622155"
1860,"40,60364516","21,90057466"
1863,"40,60364516","21,90489446"
1866,"40,60364516","21,90918124"
1869,"40,60364516","21,91343529"
1872,"40,60364516","21,91765687"
1875,"40,60364516","21,92184628"
1878,"40,60364516","21,92600377"
1881,"40,60364516","21,93012961"
1884,"40,60364516","21,93422409"
1887,"40,60364516","21,93828745"
1890,"40,60364516","21,94231995"
1893,"40,60364516","21,94632187"
1896,"40,60364516","21,95029346"
1899,"40,60364516","21,95423496"
1902,"40,60364516","21,95814664"
1905,"40,60364516","21,96202873"
1908,"40,60364516","21,96588149"
1911,"40,60364516","21,96970516"
1914,"40,60364516","21,97349999"
1917,"40,60364516","21,9772662"
1920,"40,60364516","21,98100405"
1923,"40,60364516","21,98471376"
1926,"40,60364516","21,98839556"
1929,"40,60364516","21,9920497"
1932,"40,60364516","21,99567638"
1935,"40,60364516","21,99927585"
1938,"40,60364516","22,00284833"
1941,"40,60364516","22,00639403"
1944,"40,60364516","22,00991317"
1947,"40,60364516","22,01340598"
1950,"40,60364516","22,01687267"
1953,"40,60364516","22,02031345"
1956,"40,60364516","22,02372854"
1959,"40,60364516","22,02711814"
1962,"40,60364516","22,03048245"
1965,"40,60364516","22,0338217"
1968,"40,60364516","22,03713607"
1971,"40,60364516","22,04042578"
1974,"40,60364516","22,04369101"
1977,"40,60364516","22,04693198"
1980,"40,60364516","22,05014887"
1983,"40,60364516","22,05334188"
1986,"40,60364516","22,0565112"
1989,"40,60364516","22,05965702"
1992,"40,60364516","22,06277954"
1995,"40,60364516","22,06587893"
1998,"40,60364516","22,06895539"
2001,"40,60364516","22,07200909"
2004,"40,60364516","22,07504023"
2007,"40,60364516","22,07804897"
2010,"40,60364516","22,08103551"
2013,"40,60364516","22,08400001"
2016,"40,60364516","22,08694265"
2019,"40,60364516","22,08986361"
2022,"40,60364516","22,09276306"
2025,"40,60364516","22,09564116"
2028,"40,60364516","22,0984981"
2031,"40,60364516","22,10133402"
2034,"40,60364516","22,10414912"
2037,"40,60364516","22,10694354"
2040,"40,60364516","22,10971745"
2043,"40,60364516","22,11247101"
2046,"40,60364516","22,11520438"
2049,"40,60364516","22,11791773"
2052,"40,60364516","22,1206112"
2055,"40,60364516","22,12328497"
2058,"40,60364516","22,12593917"
2061,"40,60364516","22,12857396"
2064,"40,60364516","22,1311895"
2067,"40,60364516","22,13378594"
2070,"40,60364516","22,13636342"
2073,"40,60364516","22,1389221"
2076,"40,60364516","22,14146212"
2079,"40,60364516","22,14398362"
2082,"40,60364516","22,14648675"
2085,"40,60364516","22,14897166"
2088,"40,60364516","22,15143848"
2091,"40,60364516","22,15388736"
2094,"40,60364516","22,15631843"
2097,"40,60364516","22,15873184"
2100,"40,60364516","22,16112772"
2103,"40,60364516","22,1635062"
2106,"40,60364516","22,16586742"
2109,"40,60364516","22,16821151"
2112,"40,60364516","22,17053861"
2115,"40,60364516","22,17284885"
2118,"40,60364516","22,17514235"
2121,"40,60364516","22,17741925"
2124,"40,60364516","22,17967967"
2127,"40,60364516","22,18192374"
2130,"40,60364516","22,18415159"
2133,"40,60364516","22,18636334"
2136,"40,60364516","22,18855911"
2139,"40,60364516","22,19073902"
2142,"40,60364516","22,1929032"
2145,"40,60364516","22,19505177"
2148,"40,60364516","22,19718485"
2151,"40,60364516","22,19930255"
2154,"40,60364516","22,20140499"
2157,"40,60364516","22,2034923"
2160,"40,60364516","22,20556457"
2163,"40,60364516","22,20762194"
2166,"40,60364516","22,2096645"
2169,"40,60364516","22,21169238"
2172,"40,60364516","22,21370568"
2175,"40,60364516","22,21570453"
2178,"40,60364516","22,21768901"
2181,"40,60364516","22,21965925"
2184,"40,60364516","22,22161536"
2187,"40,60364516","22,22355743"
2190,"40,60364516","22,22548558"
2193,"40,60364516","22,22739991"
2196,"40,60364516","22,22930052"
2199,"40,60364516","22,23118752"
2202,"40,60364516","22,23306101"
2205,"40,60364516","22,2349211"
2208,"40,60364516","22,23676788"
2211,"40,60364516","22,23860145"
2214,"40,60364516","22,24042191"
2217,"40,60364516","22,24222937"
2220,"40,60364516","22,24402392"
2223,"40,60364516","22,24580565"
2226,"40,60364516","22,24757466"
2229,"40,60364516","22,24933105"
2232,"40,60364516","22,25107491"
2235,"40,60364516","22,25280633"
2238,"40,60364516","22,25452542"
2241,"40,60364516","22,25623225"
2244,"40,60364516","22,25792693"
2247,"40,60364516","22,25960954"
2250,"40,60364516","22,26128017"
2253,"40,60364516","22,26293891"
2256,"40,60364516","22,26458585"
2259,"40,60364516","22,26622108"
2262,"40,60364516","22,26784469"
2265,"40,60364516","22,26945676"
2268,"40,60364516","22,27105737"
2271,"40,60364516","22,27264662"
2274,"40,60364516","22,27422458"
2277,"40,60364516","22,27579134"
2280,"40,60364516","22,27734699"
2283,"40,60364516","22,2788916"
2286,"40,60364516","22,28042526"
2289,"40,60364516","22,28194805"
2292,"40,60364516","22,28346004"
2295,"40,60364516","22,28496132"
2298,"40,60364516","22,28645197"
2301,"40,60364516","22,28793207"
2304,"40,60364516","22,28940169"
2307,"40,60364516","22,29086091"
2310,"40,60364516","22,29230981"
2313,"40,60364516","22,29374846"
2316,"40,60364516","22,29517694"
2319,"40,60364516","22,29659532"
2322,"40,60364516","22,29800368"
2325,"40,60364516","22,29940209"
2328,"40,60364516","22,30079063"
2331,"40,60364516","22,30216936"
2334,"40,60364516","22,30353836"
2337,"40,60364516","22,3048977"
2340,"40,60364516","22,30624746"
2343,"40,60364516","22,30758769"
2346,"40,60364516","22,30891847"
2349,"40,60364516","22,31023988"
2352,"40,60364516","22,31155197"
2355,"40,60364516","22,31285482"
2358,"40,60364516","22,31414849"
2361,"40,60364516","22,31543306"
2364,"40,60364516","22,31670858"
2367,"40,60364516","22,31797512"
2370,"40,60364516","22,31923275"
2373,"40,60364516","22,32048154"
2376,"40,60364516","22,32172155"
2379,"40,60364516","22,32295283"
2382,"40,60364516","22,32417546"
2385,"40,60364516","22,3253895"
2388,"40,60364516","22,32659502"
2391,"40,60364516","22,32779206"
2394,"40,60364516","22,3289807"
2397,"40,60364516","22,33016099"
2400,"40,60364516","22,331333"
2403,"40,60364516","22,33249679"
2406,"40,60364516","22,33365241"
2409,"40,60364516","22,33479992"
2412,"40,60364516","22,33593939"
2415,"40,60364516","22,33707087"
2418,"40,60364516","22,33819442"
2421,"40,60364516","22,3393101"
2424,"40,60364516","22,34041796"
2427,"40,60364516","22,34151806"
2430,"40,60364516","22,34261045"
2433,"40,60364516","22,3436952"
2436,"40,60364516","22,34477235"
2439,"40,60364516","22,34584197"
2442,"40,60364516","22,3469041"
2445,"40,60364516","22,34795881"
2448,"40,60364516","22,34900613"
2451,"40,60364516","22,35004613"
2454,"40,60364516","22,35107887"
2457,"40,60364516","22,35210438"
2460,"40,60364516","22,35312273"
2463,"40,60364516","22,35413396"
2466,"40,60364516","22,35513813"
2469,"40,60364516","22,35613529"
2472,"40,60364516","22,35712548"
2475,"40,60364516","22,35810876"
2478,"40,60364516","22,35908518"
2481,"40,60364516","22,36005478"
2484,"40,60364516","22,36101762"
2487,"40,60364516","22,36197374"
2490,"40,60364516","22,3629232"
2493,"40,60364516","22,36386603"
2496,"40,60364516","22,36480229"
2499,"40,60364516","22,36573203"
2502,"27,06909677","22,36665528"
2505,"27,06909677","22,26411928"
2508,"27,06909677","22,16135422"
2511,"27,06909677","22,05836145"
2514,"27,06909677","21,95514241"
2517,"27,06909677","21,85169867"
2520,"27,06909677","21,7480319"
2523,"27,06909677","21,6441439"
2526,"27,06909677","21,54003661"
2529,"27,06909677","21,4357121"
2532,"27,06909677","21,33117258"
2535,"27,06909677","21,22642039"
2538,"27,06909677","21,12145805"
2541,"27,06909677","21,01628821"
2544,"27,06909677","20,91091371"
2547,"27,06909677","20,80533755"
2550,"27,06909677","20,6995629"
2553,"27,06909677","20,59359312"
2556,"27,06909677","20,48743179"
2559,"27,06909677","20,38108264"
2562,"27,06909677","20,27454965"
2565,"27,06909677","20,167837"
2568,"27,06909677","20,06094909"
2571,"27,06909677","19,95389057"
2574,"27,06909677","19,84666631"
2577,"27,06909677","19,73928144"
2580,"27,06909677","19,63174138"
2583,"27,06909677","19,52405177"
2586,"27,06909677","19,41621857"
2589,"27,06909677","19,30824802"
2592,"27,06909677","19,20014665"
2595,"27,06909677","19,09192132"
2598,"27,06909677","18,98357922"
2601,"27,06909677","18,87512784"
2604,"27,06909677","18,76657506"
2607,"27,06909677","18,65792909"
2610,"27,06909677","18,54919853"
2613,"27,06909677","18,44039235"
2616,"27,06909677","18,33151993"
2619,"27,06909677","18,22259104"
2622,"27,06909677","18,11361589"
2625,"27,06909677","18,00460513"
2628,"27,06909677","17,89556984"
2631,"27,06909677","17,78652158"
2634,"27,06909677","17,67747237"
2637,"27,06909677","17,56843473"
2640,"27,06909677","17,4594217"
2643,"27,06909677","17,35044679"
2646,"27,06909677","17,24152409"
2649,"27,06909677","17,13266821"
2652,"27,06909677","17,02389431"
2655,"27,06909677","16,91521814"
2658,"27,06909677","16,806656"
2661,"27,06909677","16,69822481"
2664,"27,06909677","16,58994209"
2667,"27,06909677","16,48182597"
2670,"27,06909677","16,3738952"
2673,"27,06909677","16,26616916"
2676,"27,06909677","16,1586679"
2679,"27,06909677","16,05141209"
2682,"27,06909677","15,94442305"
2685,"27,06909677","15,83772279"
2688,"27,06909677","15,73133395"
2691,"27,06909677","15,62527985"
2694,"27,06909677","15,51958447"
2697,"27,06909677","15,41427243"
2700,"27,06909677","15,30936903"
2703,"27,06909677","15,2049002"
2706,"27,06909677","15,10089251"
2709,"27,06909677","14,99737315"
2712,"27,06909677","14,89436993"
2715,"27,06909677","14,79191123"
2718,"27,06909677","14,690026"
2721,"27,06909677","14,58874375"
2724,"27,06909677","14,48809448"
2727,"27,06909677","14,38810868"
2730,"27,06909677","14,28881727"
2733,"27,06909677","14,19025159"
2736,"27,06909677","14,09244331"
2739,"27,06909677","13,99542441"
2742,"27,06909677","13,89922715"
2745,"27,06909677","13,80388394"
2748,"27,06909677","13,70942734"
2751,"27,06909677","13,61588997"
2754,"27,06909677","13,52330445"
2757,"27,06909677","13,43170329"
2760,"27,06909677","13,34111886"
2763,"27,06909677","13,25158326"
2766,"27,06909677","13,16312827"
2769,"27,06909677","13,07578523"
2772,"27,06909677","12,98958498"
2775,"27,06909677","12,90455771"
2778,"27,06909677","12,82073295"
2781,"27,06909677","12,73813936"
2784,"27,06909677","12,65680475"
2787,"27,06909677","12,57675587"
2790,"27,06909677","12,4980184"
2793,"27,06909677","12,4206168"
2796,"27,06909677","12,34457422"
2799,"27,06909677","12,26991244"
2802,"27,06909677","12,19665175"
2805,"27,06909677","12,12481087"
2808,"27,06909677","12,05440688"
2811,"27,06909677","11,98545516"
2814,"27,06909677","11,91796928"
2817,"27,06909677","11,851961"
2820,"27,06909677","11,78744015"
2823,"27,06909677","11,72441467"
2826,"27,06909677","11,66289049"
2829,"27,06909677","11,60287158"
2832,"27,06909677","11,54435989"
2835,"27,06909677","11,48735536"
2838,"27,06909677","11,43185593"
2841,"27,06909677","11,37785755"
2844,"27,06909677","11,32535418"
2847,"27,06909677","11,27433789"
2850,"27,06909677","11,22479884"
2853,"27,06909677","11,17672535"
2856,"27,06909677","11,13010398"
2859,"27,06909677","11,08491959"
2862,"27,06909677","11,04115539"
2865,"27,06909677","10,99879306"
2868,"27,06909677","10,95781281"
2871,"27,06909677","10,91819349"
2874,"27,06909677","10,87991269"
2877,"27,06909677","10,84294679"
2880,"27,06909677","10,80727114"
2883,"27,06909677","10,7728601"
2886,"27,06909677","10,73968718"
2889,"27,06909677","10,70772512"
2892,"27,06909677","10,676946"
2895,"27,06909677","10,64732136"
2898,"27,06909677","10,61882228"
2901,"27,06909677","10,59141946"
2904,"27,06909677","10,56508335"
2907,"27,06909677","10,53978423"
2910,"27,06909677","10,51549227"
2913,"27,06909677","10,49217764"
2916,"27,06909677","10,46981058"
2919,"27,06909677","10,44836146"
2922,"27,06909677","10,42780086"
2925,"27,06909677","10,40809962"
2928,"27,06909677","10,38922892"
2931,"27,06909677","10,37116032"
2934,"27,06909677","10,35386577"
2937,"27,06909677","10,33731774"
2940,"27,06909677","10,32148915"
2943,"27,06909677","10,30635351"
2946,"27,06909677","10,29188485"
2949,"27,06909677","10,27805783"
2952,"27,06909677","10,2648477"
2955,"27,06909677","10,25223034"
2958,"27,06909677","10,24018227"
2961,"27,06909677","10,22868069"
2964,"27,06909677","10,21770342"
2967,"27,06909677","10,20722897"
2970,"27,06909677","10,19723651"
2973,"27,06909677","10,18770587"
2976,"27,06909677","10,17861755"
2979,"27,06909677","10,16995269"
2982,"27,06909677","10,16169309"
2985,"27,06909677","10,15382121"
2988,"27,06909677","10,14632011"
2991,"27,06909677","10,13917348"
2994,"27,06909677","10,13236565"
2997,"27,06909677","10,1258815"
3000,"27,06909677","10,11970652"